userName,passwordHash
Hello,1C682C14C05D7E240AAF6F4A8B2F80DAEC44DB40DE64317ECEE6D0EEFCC5A640588E0DFA030EBB41A3B4439F6421AAD248C57682190BF27EAFD4A35949DC85A6
Notepad,F9ADF9C41544282EF9925886B049EFC2634F32F96C42DF29F78D6C1F939254AECA625FDC9823731EF56198FFC890C7D8AADB9C7C911A15FA280F4B52C347C28A
Table,0BF53761A69DEF361BC4E4052D99BB8ECC1A28CECFFB2A5CA5F7D466D52F49C8119EDBC2CD0D797C93D4A55C1EA879267CB26D44B8156C9716EE9BEA5FDB1E68
Andrew,CF3F8C90437BD10F09A2339F4729DB059F9E91A37660AEA539D3F89278D2CDF1DBA40E9642AC23E155BCC978610D98092AEFA1AFD6449AA2870AB775FEA02351
Whiteboard,C502E97D264450F4A2254B8F741E4C42CFB7E408B7B1D2DB6A99E6B81E6398879091217413F0AA0DCDB028B2FD83F15D84E808C070712AF8D77363EB8CAFA839
Glue,A56F43BB7E678C8D3F6D57BFD31E14D733A36F05A05F10959B791E26E7105BBD6309F3883BE05E50D85BA8A4529775E7DE1C52B5058F9A7C3C32172C155F54A0
Desktop,683E2D1E562E60D356CE136076175002540932E8B74110CCAC13E8C44D445D3CD668B50B837DA6BC710C0B7EF3F6632EB4A23B1DD1AAE4D23955797CAEAB4F05
Jack,F4E50271BEDF5E7AB3D2FE550C32E9E6640ED6942A1506CA835F59EDDD9A9878678041D2BB49615BAECD5404F8D579FB80CF6F18C3CCCF4964A83B526ACABA6D
dfgdf,31422E91EF035EAB7B7818C445548DE05AB1E6EE148DBA8975D1E1AB1DC70BC2A405AF5E4E443CBB4933CF0932F6AC8977F6C47DD492443443D05270CB44E285
